DisNo.,Historic,Classification Key,Disaster Group,Disaster Subgroup,Disaster Type,Disaster Subtype,External IDs,Event Name,ISO,Country,Subregion,Region,Location,Origin,Associated Types,OFDA/BHA Response,Appeal,Declaration,AID Contribution ('000 US$),Magnitude,Magnitude Scale,Latitude,Longitude,River Basin,Start Year,Start Month,Start Day,End Year,End Month,End Day,Total Deaths,No. Injured,No. Affected,No. Homeless,Total Affected,Reconstruction Costs ('000 US$),"Reconstruction Costs, Adjusted ('000 US$)",Insured Damage ('000 US$),"Insured Damage, Adjusted ('000 US$)",Total Damage ('000 US$),"Total Damage, Adjusted ('000 US$)",CPI,Admin Units,Entry Date,Last Update
1991-0682-YEM,Yes,nat-geo-ear-gro,Natural,Geophysical,Earthquake,Ground movement,,,YEM,Yemen,Western Asia,Asia,"Jabal Bahr, Bani Zahir villages (Al-Udayn district, Hazm Al-Udein district, Ebb province)",,,No,No,No,,4.4,Moment Magnitude,13.887,44.068,,1991,11,22,1991,11,22,10,39,,40000,40039,,,,,,,43.4161574688682,,2004-03-29,2023-09-25
1991-0693-YEM,Yes,nat-hyd-flo-riv,Natural,Hydrological,Flood,Riverine flood,,,YEM,Yemen,Western Asia,Asia,Socotra IsL.,,,No,No,No,,,Km2,,,,1991,12,,1991,12,,,,,30000,30000,,,,,,,43.4161574688682,,2003-07-01,2023-09-25
1992-0410-YEM,Yes,tec-tra-air-air,Technological,Transport,Air,Air,,Antonov An-12,YEM,Yemen,Western Asia,Asia,,,,No,No,No,,,,,,,1992,7,14,1992,7,14,57,,,,,,,,,,,44.7311533849596,,2003-07-01,2023-09-25
1992-0430-YEM,Yes,tec-tra-wat-wat,Technological,Transport,Water,Water,,Boat 'Gob Wein',YEM,Yemen,Western Asia,Asia,Near Aden,,,No,No,No,,,,,,,1992,6,22,1992,6,22,90,,,,,,,,,,,44.7311533849596,,2003-07-01,2023-09-25
1993-0022-YEM,Yes,nat-hyd-flo-riv,Natural,Hydrological,Flood,Riverine flood,,,YEM,Yemen,Western Asia,Asia,"Lahej, Abyan, Aden Governorates",Heavy rain,,No,No,No,,61490,Km2,,,,1993,2,5,1993,2,10,31,,9000,12500,21500,,,,,1500,3257,46.0514610268178,,2005-11-14,2023-09-25
1995-0389-YEM,Yes,tec-tra-wat-wat,Technological,Transport,Water,Water,,Cargo,YEM,Yemen,Western Asia,Asia,Mer Rouge,,,No,No,No,,,,,,,1995,8,18,1995,8,18,131,,,,,,,,,,,48.5778477612549,,2003-07-01,2023-09-25
1996-0091-YEM,Yes,tec-ind-exp-exp,Technological,Industrial accident,Explosion (Industrial),Explosion (Industrial),,Military ammunition dump,YEM,Yemen,Western Asia,Asia,Aden,,,No,No,No,,,m3,,,,1996,5,15,1996,5,15,38,100,,,100,,,,,,,50.0017680566564,,2005-04-25,2023-09-25
1996-0134-YEM,Yes,nat-hyd-flo-riv,Natural,Hydrological,Flood,Riverine flood,,,YEM,Yemen,Western Asia,Asia,"Shabwa, Mareb, Hadhramout, Aljawf, El Jouf, Abin Governorates",Heavy rain,,Yes,No,No,10381,191000,Km2,,,,1996,6,13,1996,6,25,338,,124000,114210,238210,,,,,1200000,2399915,50.0017680566564,,2006-07-11,2023-09-25
1996-0498-YEM,Yes,nat-hyd-flo-riv,Natural,Hydrological,Flood,Riverine flood,,,YEM,Yemen,Western Asia,Asia,"Hudayda, Taiz regions",Heavy rains,,No,No,No,,19290,Km2,,,,1996,5,14,1996,5,18,7,,5000,,5000,,,,,10000,19999,50.0017680566564,,2006-07-11,2023-09-25
1998-0052-YEM,Yes,nat-hyd-flo-flo,Natural,Hydrological,Flood,Flood (General),,,YEM,Yemen,Western Asia,Asia,"Tihama Valley in Al Hodeida Governate, Al-Zahara and Al-Luhyah districts",,,No,No,No,,,Km2,,,,1998,3,14,1998,3,16,,,3000,,3000,,,,,,,51.9649682996508,,2005-10-26,2023-09-25
1998-0263-YEM,Yes,nat-hyd-flo-fla,Natural,Hydrological,Flood,Flash flood,,,YEM,Yemen,Western Asia,Asia,Siham valley Red Sea port Hodeida Ibb Abin Marib Sanaa Lahaj (West Yemen),Brief torrential rain,,No,No,No,,,Km2,,,,1998,8,14,1998,8,30,70,,240,,240,,,,,,,51.9649682996508,,2005-10-26,2023-09-25
1998-0466-YEM,Yes,tec-tra-wat-wat,Technological,Transport,Water,Water,,,YEM,Yemen,Western Asia,Asia,,,,No,No,No,,,,,,,1998,3,31,1998,3,31,180,,,,,,,,,,,51.9649682996508,,2003-07-01,2023-09-25
1999-0403-YEM,Yes,tec-mis-exp-exp,Technological,Miscellaneous accident,Explosion (Miscellaneous),Explosion (Miscellaneous),,,YEM,Yemen,Western Asia,Asia,Al-Jaboub,,,No,No,No,,,,,,,1999,10,21,1999,10,21,10,32,,,32,,,,,,,53.1019722898676,,2003-07-01,2023-09-25
1999-0548-YEM,Yes,nat-hyd-flo-flo,Natural,Hydrological,Flood,Flood (General),,,YEM,Yemen,Western Asia,Asia,Socotra Archipelago,,,No,No,No,10,,Km2,,,,1999,12,4,1999,12,4,,,12250,7500,19750,,,,,,,53.1019722898676,,2003-07-01,2023-09-25
2000-0569-YEM,No,tec-tra-roa-roa,Technological,Transport,Road,Road,,,YEM,Yemen,Western Asia,Asia,Between Lahj and Aden provinces,,,No,No,No,,,,,,,2000,9,6,2000,9,6,14,4,,,4,,,,,,,54.8951519735366,,2003-07-01,2023-09-25
2000-0622-YEM,No,nat-bio-epi-vir,Natural,Biological,Epidemic,Viral disease,,Rift Valley fever,YEM,Yemen,Western Asia,Asia,Wadi Mawr (Al-Hudaydah Governorate),,,No,Yes,No,,,Vaccinated,,,,2000,9,10,2000,10,9,32,,289,,289,,,,,,,54.8951519735366,,2005-06-17,2023-09-25
2001-0208-YEM,No,tec-mis-col-col,Technological,Miscellaneous accident,Collapse (Miscellaneous),Collapse (Miscellaneous),,Arms market,YEM,Yemen,Western Asia,Asia,Al-Baidaa province,,,No,No,No,,,,,,,2001,5,19,2001,5,19,15,16,,,16,,,,,,,56.4465763547356,,2003-07-01,2023-09-25
2001-0246-YEM,No,nat-met-sto-sto,Natural,Meteorological,Storm,Storm (General),,,YEM,Yemen,Western Asia,Asia,Sa'ada province,,,No,No,No,,,Kph,,,,2001,6,9,2001,6,9,13,,,,,,,,,,,56.4465763547356,"[{""adm1_code"":3422,""adm1_name"":""Sa'ada""}]",2003-07-01,2023-09-25
2001-0402-YEM,No,nat-hyd-flo-fla,Natural,Hydrological,Flood,Flash flood,,,YEM,Yemen,Western Asia,Asia,"Amran, Hadramaut, Sa'ada, Al Hudaydah provinces",Brief torrential rain,,No,No,No,,10860,Km2,,,,2001,7,26,2001,7,29,33,,,,,,,,,,,56.4465763547356,"[{""adm1_code"":3411,""adm1_name"":""Al Hudaydah""},{""adm1_code"":3415,""adm1_name"":""Amran""},{""adm1_code"":3422,""adm1_name"":""Sa'ada""},{""adm1_code"":144970,""adm1_name"":""Hadramaut""}]",2005-09-20,2023-09-25
2001-0434-YEM,No,nat-met-sto-sto,Natural,Meteorological,Storm,Storm (General),,,YEM,Yemen,Western Asia,Asia,Aden province,,,No,No,No,,,Kph,,,,2001,8,12,2001,8,12,17,,,,,,,,,,,56.4465763547356,"[{""adm1_code"":144973,""adm1_name"":""Aden""}]",2003-07-01,2023-09-25
2001-0435-YEM,No,tec-tra-roa-roa,Technological,Transport,Road,Road,,,YEM,Yemen,Western Asia,Asia,West,,,No,No,No,,,,,,,2001,8,11,2001,8,11,20,1,,,1,,,,,,,56.4465763547356,,2003-07-01,2023-09-25
2002-0213-YEM,No,nat-hyd-flo-flo,Natural,Hydrological,Flood,Flood (General),,,YEM,Yemen,Western Asia,Asia,Hadramaut province,,,No,No,No,,,Km2,,,,2002,4,11,2002,4,11,2,,260,440,700,,,,,,,57.3418401540778,"[{""adm1_code"":144970,""adm1_name"":""Hadramaut""}]",2003-07-01,2023-09-25
2002-0410-YEM,No,nat-hyd-flo-riv,Natural,Hydrological,Flood,Riverine flood,,,YEM,Yemen,Western Asia,Asia,As Salafiyah district (Raymah province),Heavy rain,,No,No,No,,3900,Km2,,,,2002,7,6,2002,7,8,10,,,,,,,,,,,57.3418401540778,"[{""adm2_code"":32941,""adm2_name"":""As Salafiyah""}]",2005-09-23,2023-09-25
2002-0454-YEM,No,nat-hyd-flo-riv,Natural,Hydrological,Flood,Riverine flood,,,YEM,Yemen,Western Asia,Asia,Raymah province,Heavy rain,,No,No,No,,5180,Km2,,,,2002,7,24,2002,7,26,13,,,,,,,,,,,57.3418401540778,"[{""adm1_code"":144971,""adm1_name"":""Raymah""}]",2005-09-23,2023-09-25
2002-0576-YEM,No,nat-hyd-flo-riv,Natural,Hydrological,Flood,Riverine flood,,,YEM,Yemen,Western Asia,Asia,"Taizz, Al Hudaydah, Hadramaut provinces",Heavy rain,,No,No,No,,19470,Km2,,,,2002,8,22,2002,9,6,28,,,,,,,,,,,57.3418401540778,"[{""adm1_code"":3411,""adm1_name"":""Al Hudaydah""},{""adm1_code"":3425,""adm1_name"":""Taizz""},{""adm1_code"":144970,""adm1_name"":""Hadramaut""}]",2005-09-26,2023-09-25
2003-0025-YEM,No,tec-tra-wat-wat,Technological,Transport,Water,Water,,,YEM,Yemen,Western Asia,Asia,Gulf of Aden,,,No,No,No,,,,,,,2003,1,4,2003,1,4,80,,25,,25,,,,,,,58.6435529778532,,2003-09-22,2023-09-25
2003-0301-YEM,No,nat-hyd-flo-riv,Natural,Hydrological,Flood,Riverine flood,,,YEM,Yemen,Western Asia,Asia,"Hajjah, Taizz provinces",Torrential rains,,No,No,No,,,Km2,,,,2003,6,19,2003,6,21,15,,,,,,,,,,,58.6435529778532,"[{""adm1_code"":3418,""adm1_name"":""Hajjah""},{""adm1_code"":3425,""adm1_name"":""Taizz""}]",2004-01-23,2023-09-25
2003-0404-YEM,No,tec-tra-roa-roa,Technological,Transport,Road,Road,,,YEM,Yemen,Western Asia,Asia,Between Hodeida and Jizane (Saudi Arabia),,,No,No,No,,,,,,,2003,8,18,2003,8,18,13,18,,,18,,,,,,,58.6435529778532,,2003-08-25,2023-09-25
2003-0812-YEM,No,tec-tra-wat-wat,Technological,Transport,Water,Water,,,YEM,Yemen,Western Asia,Asia,Gulf of Aden,,,No,No,No,,,,,,,2003,9,13,2003,9,13,45,,,,,,,,,,,58.6435529778532,,2004-03-19,2023-09-25
2004-0140-YEM,No,tec-tra-roa-roa,Technological,Transport,Road,Road,,,YEM,Yemen,Western Asia,Asia,Ibb province,,,No,No,No,,,,,,,2004,4,6,2004,4,6,21,65,,,65,,,,,,,60.2135797329328,,2004-04-06,2023-09-25
2004-0358-YEM,No,tec-mis-col-col,Technological,Miscellaneous accident,Collapse (Miscellaneous),Collapse (Miscellaneous),,Building,YEM,Yemen,Western Asia,Asia,Hababah (Omrane province),,,No,No,No,,,,,,,2004,7,22,2004,7,22,20,,,,,,,,,,,60.2135797329328,,2004-08-03,2023-09-25
2005-0222-YEM,No,nat-hyd-flo-riv,Natural,Hydrological,Flood,Riverine flood,GLIDE:FL-2005-000070,,YEM,Yemen,Western Asia,Asia,"Sana'a, Al Hudaydah provinces",Torrential rains,,No,No,No,,,Km2,,,,2005,4,25,2005,4,27,10,,215,500,715,,,,,,,62.2564785298231,"[{""adm1_code"":3411,""adm1_name"":""Al Hudaydah""},{""adm1_code"":144972,""adm1_name"":""Sana'a""}]",2005-04-28,2025-06-25
2005-0289-YEM,No,nat-bio-epi-vir,Natural,Biological,Epidemic,Viral disease,,Poliomyelitis,YEM,Yemen,Western Asia,Asia,"Hadramoat Sayeun, Hudeida, Hajjah, Taiz, Sanaa, Sanna city and Mary governorates",,,No,No,No,,,Vaccinated,,,,2005,2,25,2005,12,6,,,179,,179,,,,,,,62.2564785298231,,2005-12-08,2023-09-25
2005-0709-YEM,No,nat-hyd-mmw-lan,Natural,Hydrological,Mass movement (wet),Landslide (wet),GLIDE:LS-2005-000213,,YEM,Yemen,Western Asia,Asia,"Al-Dhafir village (Bani Matar District, Sana'a Governorate)",,,No,No,No,,,,,,,2005,12,28,2005,12,29,65,11,,,11,,,,,,,62.2564785298231,"[{""adm2_code"":32944,""adm2_name"":""Bani Matar""}]",2006-03-08,2025-06-25
2005-0737-YEM,No,nat-hyd-flo-fla,Natural,Hydrological,Flood,Flash flood,GLIDE:FF-2005-000148,,YEM,Yemen,Western Asia,Asia,"Al Hudaydah, Al Jawf, Al Mahwit, Amran, Hajjah, Sa'ada, Taizz provinces",Heavy rains,,No,No,No,,,Km2,,,,2005,8,20,2005,8,21,12,6,,,6,,,,,,,62.2564785298231,"[{""adm1_code"":3411,""adm1_name"":""Al Hudaydah""},{""adm1_code"":3412,""adm1_name"":""Al Jawf""},{""adm1_code"":3414,""adm1_name"":""Al Mahwit""},{""adm1_code"":3415,""adm1_name"":""Amran""},{""adm1_code"":3418,""adm1_name"":""Hajjah""},{""adm1_code"":3422,""adm1_name"":""Sa'ada""},{""adm1_code"":3425,""adm1_name"":""Taizz""}]",2006-01-18,2025-06-25
2006-0095-YEM,No,nat-hyd-flo-fla,Natural,Hydrological,Flood,Flash flood,GLIDE:FF-2006-000039,,YEM,Yemen,Western Asia,Asia,"Ma'arbar city (Jahran district, Dhamar province)",Heavy rain,,No,No,No,,10710,Km2,14.54,44.18,,2006,2,20,2006,2,23,5,,,2000,2000,,,,,,,64.2648322197347,"[{""adm2_code"":32817,""adm2_name"":""Jahran""}]",2007-01-04,2025-06-25
2006-0165-YEM,No,nat-hyd-flo-riv,Natural,Hydrological,Flood,Riverine flood,GLIDE:FL-2006-000074,,YEM,Yemen,Western Asia,Asia,"Dhamar, Al Hudaydah, Sana'a, Taizz, Sa'ada provinces",Heavy rains and lightening,Rain,No,No,No,,91480,Km2,15.1,43.88,,2006,4,3,2006,4,5,25,20,,300,320,,,,,,,64.2648322197347,"[{""adm1_code"":3411,""adm1_name"":""Al Hudaydah""},{""adm1_code"":3416,""adm1_name"":""Dhamar""},{""adm1_code"":3422,""adm1_name"":""Sa'ada""},{""adm1_code"":3425,""adm1_name"":""Taizz""},{""adm1_code"":144972,""adm1_name"":""Sana'a""}]",2007-03-08,2025-06-25
2006-0672-YEM,No,tec-tra-wat-wat,Technological,Transport,Water,Water,,,YEM,Yemen,Western Asia,Asia,Near Hanich Isl.,,,No,No,No,,,,,,,2006,12,18,2006,12,18,10,,8,,8,,,,,,,64.2648322197347,,2006-12-19,2023-09-25
2007-0024-YEM,No,nat-hyd-flo-riv,Natural,Hydrological,Flood,Riverine flood,,,YEM,Yemen,Western Asia,Asia,"Rayma, Dhamar provinces",Heavy rain,"Slide (land, mud, snow, rock)",No,No,No,,25390,Km2,15.1,43.88,,2007,1,1,2007,1,4,7,,2000,,2000,,,,,,,66.0981029658773,"[{""adm1_code"":3416,""adm1_name"":""Dhamar""},{""adm1_code"":144971,""adm1_name"":""Raymah""}]",2007-01-21,2023-09-25
2007-0103-YEM,No,nat-hyd-flo-fla,Natural,Hydrological,Flood,Flash flood,,,YEM,Yemen,Western Asia,Asia,"Hadramaut, Ibb provinces",Heavy rain,,No,No,No,,59870,Km2,16.57,49.13,,2007,3,23,2007,3,30,36,18,600,,618,,,,,,,66.0981029658773,"[{""adm1_code"":3419,""adm1_name"":""Ibb""},{""adm1_code"":144970,""adm1_name"":""Hadramaut""}]",2007-04-10,2023-09-25
2007-0406-YEM,No,nat-hyd-flo-riv,Natural,Hydrological,Flood,Riverine flood,,,YEM,Yemen,Western Asia,Asia,Sana’a province,Heavy rain,,No,No,No,,165100,Km2,15.08,45.73,,2007,8,1,2007,8,27,50,,,,,,,,,,,66.0981029658773,"[{""adm1_code"":144972,""adm1_name"":""Sana'a""}]",2007-09-06,2023-09-25
2007-0473-YEM,No,nat-geo-vol-ash,Natural,Geophysical,Volcanic activity,Ash fall,,,YEM,Yemen,Western Asia,Asia,"Jabal Al-Tayr island (Alluheyah district, Al Hudaydah province)",Earthquake,,No,No,No,,,,,,,2007,9,30,2007,9,30,6,15,,,15,,,,,,,66.0981029658773,"[{""adm2_code"":32734,""adm2_name"":""Alluheyah""}]",2007-10-04,2023-09-25
2007-0707-YEM,No,tec-tra-wat-wat,Technological,Transport,Water,Water,,,YEM,Yemen,Western Asia,Asia,"Red Sea, Guldfof Aden",,,No,No,No,,,,,,,2007,11,30,2007,11,30,99,,,,,,,,,,,66.0981029658773,,2008-04-23,2023-09-25
2007-0709-YEM,No,tec-tra-wat-wat,Technological,Transport,Water,Water,,,YEM,Yemen,Western Asia,Asia,"Red Sea, Guld of Aden",,,No,No,No,,,,,,,2007,12,15,2007,12,15,95,,,,,,,,,,,66.0981029658773,,2008-04-23,2023-09-25
2008-0026-YEM,No,tec-mis-mis-mis,Technological,Miscellaneous accident,Miscellaneous accident (General),Miscellaneous accident (General),,Intoxication,YEM,Yemen,Western Asia,Asia,Bani Qaïs (Hiija province),,,No,No,No,,,,,,,2008,1,18,2008,1,18,15,,,,,,,,,,,68.6356722808762,,2008-01-28,2023-09-25
2008-0466-YEM,No,tec-tra-wat-wat,Technological,Transport,Water,Water,,,YEM,Yemen,Western Asia,Asia,,,,No,No,No,,,,,,,2008,10,1,2008,10,1,28,,23,,23,,,,,,,68.6356722808762,,2008-10-13,2023-09-25
2008-0499-YEM,No,nat-hyd-flo-fla,Natural,Hydrological,Flood,Flash flood,GLIDE:FL-2008-000201,,YEM,Yemen,Western Asia,Asia,"Tarim, Sah, Shibam, Al Qatn, Wadi Al Ayn districts (Hadramaut province), Al Maharah, Taizz, Lahj, Al Mahwit provinces",Tropical storm (level 3),Lightening,Yes,Yes,Yes,112646,133200,Km2,15.54,49.78,,2008,10,23,2008,10,24,90,64,25000,,25064,,,,,400000,582787,68.6356722808762,"[{""adm1_code"":3413,""adm1_name"":""Al Maharah""},{""adm1_code"":3414,""adm1_name"":""Al Mahwit""},{""adm1_code"":3420,""adm1_name"":""Lahj""},{""adm1_code"":3425,""adm1_name"":""Taizz""},{""adm2_code"":32827,""adm2_name"":""Al Qatn""},{""adm2_code"":32841,""adm2_name"":""Sah""},{""adm2_code"":32843,""adm2_name"":""Shibam""},{""adm2_code"":32844,""adm2_name"":""Tarim""},{""adm2_code"":32846,""adm2_name"":""Wadi Al Ayn""}]",2010-08-16,2023-09-25
2009-0167-YEM,No,tec-tra-wat-wat,Technological,Transport,Water,Water,,,YEM,Yemen,Western Asia,Asia,Aden Gulf (Abyan region),,,No,No,No,,,,,,,2009,4,23,2009,4,23,35,,,,,,,,,,,68.3916426833056,,2009-05-14,2023-09-25
2009-0232-YEM,No,tec-tra-wat-wat,Technological,Transport,Water,Water,,,YEM,Yemen,Western Asia,Asia,Near Bourom (Aden Gulf),,,No,No,No,,,,,,,2009,6,17,2009,6,17,47,,,,,,,,,,,68.3916426833056,,2009-07-15,2023-09-25
2009-0346-YEM,No,nat-hyd-mmw-lan,Natural,Hydrological,Mass movement (wet),Landslide (wet),,,YEM,Yemen,Western Asia,Asia,"Modawar village (Al Mahwait district, Al Mahwit province)",Heavy rains,,No,No,No,,,,,,,2009,8,27,2009,8,27,11,,,,,,,,,,,68.3916426833056,"[{""adm2_code"":145036,""adm2_name"":""Al Mahwait""}]",2009-09-10,2023-09-25
2009-0408-YEM,No,tec-tra-wat-wat,Technological,Transport,Water,Water,,,YEM,Yemen,Western Asia,Asia,Aden Gulf,,,No,No,No,,,,,,,2009,9,13,2009,9,14,65,,,,,,,,,,,68.3916426833056,,2009-10-14,2023-09-25
2010-0061-YEM,No,tec-tra-air-air,Technological,Transport,Air,Air,,Helicopter,YEM,Yemen,Western Asia,Asia,"Kahlan Mount, near Saasa",,,No,No,No,,,,,,,2010,2,14,2010,2,14,13,,,,,,,,,,,69.5132932926428,,2010-02-16,2023-09-25
2010-0072-YEM,No,tec-tra-wat-wat,Technological,Transport,Water,Water,,,YEM,Yemen,Western Asia,Asia,Red Sea,Bad weather,,No,No,No,,,,,,,2010,2,13,2010,2,17,17,,,,,,,,,,,69.5132932926428,,2010-02-23,2023-09-25
2010-0083-YEM,No,tec-mis-exp-exp,Technological,Miscellaneous accident,Explosion (Miscellaneous),Explosion (Miscellaneous),,Dynamite depot,YEM,Yemen,Western Asia,Asia,Taëz,,,No,No,No,,,,,,,2010,3,2,2010,3,2,10,15,,,15,,,,,,,69.5132932926428,,2010-03-02,2023-09-25
2010-0183-YEM,No,nat-hyd-flo-riv,Natural,Hydrological,Flood,Riverine flood,,,YEM,Yemen,Western Asia,Asia,Sana'a province,Heavy rains,,No,No,No,,38890,Km2,14.03,44.31,,2010,5,5,2010,5,5,7,2,,1000,1002,,,,,,,69.5132932926428,"[{""adm1_code"":144972,""adm1_name"":""Sana'a""}]",2010-07-15,2023-09-25
2010-0320-YEM,No,nat-hyd-flo-riv,Natural,Hydrological,Flood,Riverine flood,,,YEM,Yemen,Western Asia,Asia,"Al Mashannah district (Ibb province), Dhamar, Sana'a provinces",Torrential rain,"Broken Dam/Burst bank|Slide (land, mud, snow, rock)",No,No,No,,176300,Km2,16.73,47.92,,2010,7,10,2010,7,15,15,,,,,,,,,,,69.5132932926428,"[{""adm1_code"":3416,""adm1_name"":""Dhamar""},{""adm1_code"":144972,""adm1_name"":""Sana'a""},{""adm2_code"":144975,""adm2_name"":""Al Mashannah""}]",2010-07-28,2023-09-25
2010-0504-YEM,No,tec-tra-wat-wat,Technological,Transport,Water,Water,,,YEM,Yemen,Western Asia,Asia,Aden Gulf,,,No,No,No,,,,,,,2010,9,27,2010,9,27,21,,61,,61,,,,,,,69.5132932926428,,2010-10-01,2023-09-25
2011-0004-YEM,No,tec-tra-wat-wat,Technological,Transport,Water,Water,,,YEM,Yemen,Western Asia,Asia,,,,No,No,No,,,,,,,2011,1,2,2011,1,2,28,,,,,,,,,,,71.7077236119433,,2011-01-18,2023-09-25
2011-0073-YEM,No,tec-tra-wat-wat,Technological,Transport,Water,Water,,,YEM,Yemen,Western Asia,Asia,Near Chabwa province,,,No,No,No,,,,,,,2011,3,22,2011,3,22,49,,1,,1,,,,,,,71.7077236119433,,2011-03-23,2023-09-25
2011-0106-YEM,No,tec-tra-wat-wat,Technological,Transport,Water,Water,,,YEM,Yemen,Western Asia,Asia,"Gulf of Aden, Shabwa",,,No,No,No,,,,,,,2011,2,20,2011,2,20,57,1,,,1,,,,,,,71.7077236119433,,2012-04-11,2023-09-25
2011-0125-YEM,No,tec-ind-exp-exp,Technological,Industrial accident,Explosion (Industrial),Explosion (Industrial),,Amunitions factory,YEM,Yemen,Western Asia,Asia,Abyane province,,,No,No,No,,,m3,,,,2011,3,28,2011,3,28,70,90,,,90,,,,,,,71.7077236119433,,2011-04-21,2023-09-25
2011-0651-YEM,No,tec-tra-wat-wat,Technological,Transport,Water,Water,,,YEM,Yemen,Western Asia,Asia,"Gulf of Aden, Lahij province",,,No,No,No,,,,,,,2011,1,3,2011,1,3,40,,,,,,,,,,,71.7077236119433,,2012-04-11,2023-09-25
2011-0653-YEM,No,tec-tra-wat-wat,Technological,Transport,Water,Water,,,YEM,Yemen,Western Asia,Asia,Gulf of Aden,,,No,No,No,,,,,,,2011,4,14,2011,4,14,35,,,,,,,,,,,71.7077236119433,,2012-04-11,2023-09-25
2012-0428-YEM,No,tec-tra-roa-roa,Technological,Transport,Road,Road,,,YEM,Yemen,Western Asia,Asia,Hajjah province,,,No,No,No,,,,,,,2012,11,15,2012,11,15,15,16,,,16,,,,,,,73.1915916061133,,2012-11-19,2023-09-25
2013-0069-YEM,No,tec-mis-exp-exp,Technological,Miscellaneous accident,Explosion (Miscellaneous),Explosion (Miscellaneous),,Amunition depot,YEM,Yemen,Western Asia,Asia,Abs (Hija province),,,No,No,No,,,,,,,2013,2,7,2013,2,7,10,,,,,,,,,,,74.2637290732739,,2013-04-03,2023-09-25
2013-0091-YEM,No,tec-tra-air-air,Technological,Transport,Air,Air,,Sukhoï,YEM,Yemen,Western Asia,Asia,Sanaa,,,No,No,No,,,,,,,2013,2,19,2013,2,19,12,22,,,22,,,,,,,74.2637290732739,,2013-04-08,2023-09-25
2013-0248-YEM,No,tec-mis-exp-exp,Technological,Miscellaneous accident,Explosion (Miscellaneous),Explosion (Miscellaneous),,Generator,YEM,Yemen,Western Asia,Asia,Mahwit province,,,No,No,No,,,,,,,2013,7,14,2013,7,14,14,,,,,,,,,,,74.2637290732739,,2013-07-23,2023-09-25
2013-0319-YEM,No,nat-hyd-flo-riv,Natural,Hydrological,Flood,Riverine flood,GLIDE:FL-2013-000103,,YEM,Yemen,Western Asia,Asia,"Taizz, Dhamar, Al Mahwit, Sana'a, Ibb, Hajjah, Al Hudaydah, Shabwah, Abyan provinces",Heavy rains,Lightening,Yes,No,No,,,Km2,,,,2013,8,16,2013,8,17,40,10,49082,,49092,,,,,,,74.2637290732739,"[{""adm1_code"":3407,""adm1_name"":""Abyan""},{""adm1_code"":3411,""adm1_name"":""Al Hudaydah""},{""adm1_code"":3414,""adm1_name"":""Al Mahwit""},{""adm1_code"":3416,""adm1_name"":""Dhamar""},{""adm1_code"":3418,""adm1_name"":""Hajjah""},{""adm1_code"":3419,""adm1_name"":""Ibb""},{""adm1_code"":3424,""adm1_name"":""Shabwah""},{""adm1_code"":3425,""adm1_name"":""Taizz""},{""adm1_code"":144972,""adm1_name"":""Sana'a""}]",2014-07-29,2025-07-15
2014-0087-YEM,No,tec-tra-wat-wat,Technological,Transport,Water,Water,,,YEM,Yemen,Western Asia,Asia,Near Beer Ali coast (Shabwa province),,,No,No,No,,,,,,,2014,3,12,2014,3,12,43,,30,,30,,,,,,,75.4684556780686,,2014-03-10,2023-09-25
2014-0169-YEM,No,tec-tra-wat-wat,Technological,Transport,Water,Water,,,YEM,Yemen,Western Asia,Asia,"Near Dhubab, at the entrance of Bab El-Mandeb strait",Bad weather,,No,No,No,,,,,,,2014,5,31,2014,5,31,60,,,,,,,,,,,75.4684556780686,,2014-06-10,2023-09-25
2014-0480-YEM,No,tec-tra-wat-wat,Technological,Transport,Water,Water,,,YEM,Yemen,Western Asia,Asia,Near Al-Makha,,,No,No,No,,,,,,,2014,12,8,2014,12,8,70,,,,,,,,,,,75.4684556780686,,2014-12-12,2023-09-25
2015-0022-YEM,No,tec-tra-wat-wat,Technological,Transport,Water,Water,,,YEM,Yemen,Western Asia,Asia,Near Dhoubab,,,No,No,No,,,,,,,2015,2,3,2015,2,3,35,,,,,,,,,,,75.5579767689445,,2015-02-03,2023-09-25
2015-0302-YEM,No,nat-bio-epi-vir,Natural,Biological,Epidemic,Viral disease,,,YEM,Yemen,Western Asia,Asia,"Hodeidah, Lahj, Hadramout, Aden, Taiz, Shabwa",,,No,No,No,,,Vaccinated,,,,2015,3,27,2015,6,4,3,,3026,,3026,,,,,,,75.5579767689445,,2015-07-29,2023-09-25
2015-0484-YEM,No,nat-met-sto-tro,Natural,Meteorological,Storm,Tropical cyclone,,Cyclone Chapala,YEM,Yemen,Western Asia,Asia,"Abyan, Hadramaut, Shabwah provinces",,,No,No,No,,,Kph,,,,2015,11,3,2015,11,4,8,65,110000,,110065,,,,,200000,264697,75.5579767689445,"[{""adm1_code"":3407,""adm1_name"":""Abyan""},{""adm1_code"":3424,""adm1_name"":""Shabwah""},{""adm1_code"":144970,""adm1_name"":""Hadramaut""}]",2015-11-06,2023-09-25
2015-0494-YEM,No,nat-met-sto-tro,Natural,Meteorological,Storm,Tropical cyclone,,Cyclone Megh,YEM,Yemen,Western Asia,Asia,"Hidaybu, Qulensya Wa Abd Al Kuri districts (Hadramaut province), Aden province",,Flood,No,No,No,,,Kph,,,,2015,11,8,2015,11,10,18,,15000,,15000,,,,,,,75.5579767689445,"[{""adm1_code"":144973,""adm1_name"":""Aden""},{""adm2_code"":145016,""adm2_name"":""Hidaybu""},{""adm2_code"":145017,""adm2_name"":""Qulensya Wa Abd Al Kuri""}]",2015-11-09,2023-09-25
2016-0120-YEM,No,nat-hyd-flo-fla,Natural,Hydrological,Flood,Flash flood,GLIDE:FF-2016-000034,,YEM,Yemen,Western Asia,Asia,"Al Hudaydah, Amran, Hajjah, Sana'a, Hajjah, Al Mahwit, Aden, Marib provinces",Heavy rains,,No,No,No,,,Km2,,,,2016,4,13,2016,4,14,20,,29750,,29750,,,,,,,76.5112162038615,"[{""adm1_code"":3411,""adm1_name"":""Al Hudaydah""},{""adm1_code"":3414,""adm1_name"":""Al Mahwit""},{""adm1_code"":3415,""adm1_name"":""Amran""},{""adm1_code"":3418,""adm1_name"":""Hajjah""},{""adm1_code"":3421,""adm1_name"":""Marib""},{""adm1_code"":144972,""adm1_name"":""Sana'a""},{""adm1_code"":144973,""adm1_name"":""Aden""}]",2016-04-20,2023-09-25
2016-0196-YEM,No,nat-hyd-mmw-lan,Natural,Hydrological,Mass movement (wet),Landslide (wet),,,YEM,Yemen,Western Asia,Asia,"Al-Lassbah village (Al-Shamayteen mountain region, Taez province)",Heavy rains,,No,No,No,,,,,,,2016,5,22,2016,5,23,20,20,,,20,,,,,,,76.5112162038615,"[{""adm1_code"":3425,""adm1_name"":""Taizz""}]",2016-06-24,2023-09-25
2016-0440-YEM,No,nat-bio-epi-bac,Natural,Biological,Epidemic,Bacterial disease,GLIDE:EP-2016-000107,Cholera,YEM,Yemen,Western Asia,Asia,"Al Bayda, Al Hudaydah, Al Dhale's, Hajjah, Lahj, Taiz, Ibb, Amamat Al Asimah, Aden, Amran, Sanaa",,,No,No,No,,,,,,,2016,10,6,2017,1,11,11,180,,,180,,,,,,,76.5112162038615,,2016-11-23,2025-06-25
2016-0473-YEM,No,tec-tra-wat-wat,Technological,Transport,Water,Water,,Cargo,YEM,Yemen,Western Asia,Asia,Near Cocotra,,,No,No,No,,,,,,,2016,12,7,2016,12,7,60,,,,,,,,,,,76.5112162038615,,2016-12-07,2023-09-25
2017-0089-YEM,No,tec-ind-exp-exp,Technological,Industrial accident,Explosion (Industrial),Explosion (Industrial),,Oleoduc,YEM,Yemen,Western Asia,Asia,Hodeida,,,No,No,No,,,m3,,,,2017,4,8,2017,4,8,21,26,,,26,,,,,,,78.1410017627676,,2017-04-12,2023-09-25
2017-0279-YEM,No,nat-bio-epi-bac,Natural,Biological,Epidemic,Bacterial disease,,Cholera,YEM,Yemen,Western Asia,Asia,Sanaa,,,No,No,No,,,,,,,2017,4,27,2017,6,3,,,,,,,,,,,,78.1410017627676,,2017-07-20,2023-09-25
2017-0365-YEM,No,nat-hyd-flo-flo,Natural,Hydrological,Flood,Flood (General),,,YEM,Yemen,Western Asia,Asia,"Taëz, Lahj provinces, Portions of Jibla (south of Ibb), Taizz city, Ibb city",Heavy rains,,No,No,No,,,Km2,,,,2017,8,29,2017,8,30,50,8,,,8,,,,,,,78.1410017627676,"[{""adm1_code"":3420,""adm1_name"":""Lahj""},{""adm1_code"":3425,""adm1_name"":""Taizz""},{""adm2_code"":32891,""adm2_name"":""Jiblah""},{""adm2_code"":144974,""adm2_name"":""Al Dhihar""},{""adm2_code"":144975,""adm2_name"":""Al Mashannah""}]",2017-08-29,2023-09-25
2017-0555-YEM,No,nat-bio-epi-bac,Natural,Biological,Epidemic,Bacterial disease,GLIDE:EP-2017-000175,Diphteria,YEM,Yemen,Western Asia,Asia,Sanaa,,,No,No,No,,,,,,,2017,10,29,2017,12,21,35,298,,,298,,,,,,,78.1410017627676,,2018-03-05,2025-03-05
2018-0173-YEM,No,tec-tra-wat-wat,Technological,Transport,Water,Water,,Migrants,YEM,Yemen,Western Asia,Asia,Aden Gulf,High waves,,No,No,No,,,,,,,2018,6,6,2018,6,6,62,38,,,38,,,,,,,80.0495962559511,,2018-06-07,2023-09-25
2018-0177-YEM,No,nat-met-sto-tro,Natural,Meteorological,Storm,Tropical cyclone,GLIDE:TC-2018-000062,Cyclone 'Mekunu',YEM,Yemen,Western Asia,Asia,Socotra Isl.,,Flood,No,No,No,,,Kph,,,,2018,5,23,2018,5,23,24,,750,,750,,,,,,,80.0495962559511,"[{""adm2_code"":145016,""adm2_name"":""Hidaybu""},{""adm2_code"":145017,""adm2_name"":""Qulensya Wa Abd Al Kuri""}]",2018-07-03,2025-06-25
2018-0394-YEM,No,nat-met-sto-tro,Natural,Meteorological,Storm,Tropical cyclone,GLIDE:TC-2018-000163,Cyclone 'Luban',YEM,Yemen,Western Asia,Asia,Al Maharah governorate,,Flood,No,No,No,,,Kph,,,,2018,10,14,2018,10,15,25,124,15000,,15124,,,,,,,80.0495962559511,"[{""adm1_code"":3413,""adm1_name"":""Al Maharah""}]",2018-10-22,2025-03-05
2019-0122-YEM,No,nat-bio-epi-bac,Natural,Biological,Epidemic,Bacterial disease,,Cholera,YEM,Yemen,Western Asia,Asia,"Ibb, Amanat (Sana’a city) and Hodeidah governorate",,,No,No,No,,,,,,,2019,1,1,2019,7,5,713,461542,,,461542,,,,,,,81.5003094099149,,2019-03-22,2023-09-25
2019-0213-YEM,No,nat-hyd-flo-fla,Natural,Hydrological,Flood,Flash flood,GLIDE:FF-2019-000054,,YEM,Yemen,Western Asia,Asia,"Marib, Sa’ada, Aden, Shabwa, Lahj, Taizz, Hadramaut, Ibb, Al Bayda, Al Jawf, Hajjah, Dhamar, Rayma, Hajjah governorates.",Torrential rains,,No,No,No,,,Km2,,,,2019,6,11,2019,6,14,8,,80000,,80000,,,,,,,81.5003094099149,"[{""adm1_code"":3410,""adm1_name"":""Al Bayda""},{""adm1_code"":3412,""adm1_name"":""Al Jawf""},{""adm1_code"":3416,""adm1_name"":""Dhamar""},{""adm1_code"":3418,""adm1_name"":""Hajjah""},{""adm1_code"":3419,""adm1_name"":""Ibb""},{""adm1_code"":3420,""adm1_name"":""Lahj""},{""adm1_code"":3421,""adm1_name"":""Marib""},{""adm1_code"":3422,""adm1_name"":""Sa'ada""},{""adm1_code"":3424,""adm1_name"":""Shabwah""},{""adm1_code"":3425,""adm1_name"":""Taizz""},{""adm1_code"":144970,""adm1_name"":""Hadramaut""},{""adm1_code"":144971,""adm1_name"":""Raymah""},{""adm1_code"":144973,""adm1_name"":""Aden""}]",2019-06-14,2023-09-25
2019-0252-YEM,No,nat-hyd-flo-flo,Natural,Hydrological,Flood,Flood (General),,,YEM,Yemen,Western Asia,Asia,Sanaa,,,No,No,No,,,Km2,,,,2019,5,17,2019,5,27,6,,,,,,,,,,,81.5003094099149,"[{""adm1_code"":144972,""adm1_name"":""Sana'a""}]",2019-06-18,2024-10-25
2019-0461-YEM,No,nat-hyd-flo-flo,Natural,Hydrological,Flood,Flood (General),DFO:4778,,YEM,Yemen,Western Asia,Asia,"Al Mahwit Governorate, Ibb Governorate",Heavy rains,"Slide (land, mud, snow, rock)",No,No,No,,30368.53,Km2,43.571,15.118,,2019,7,31,2019,8,6,12,,500,,500,,,,,,,81.5003094099149,"[{""adm1_code"":3414,""adm1_name"":""Al Mahwit""},{""adm1_code"":3419,""adm1_name"":""Ibb""}]",2019-10-01,2023-09-25
2019-0644-YEM,No,nat-bio-epi-vir,Natural,Biological,Epidemic,Viral disease,GLIDE:EP-2019-000178,Dengue,YEM,Yemen,Western Asia,Asia,"Hodeiadah, Taiz, Aden, Hajja, Lahj, Hudaidah, Aden, Hajja, Lahj, Shabwa, Marib, Rayma",,,No,No,No,,,Vaccinated,,,,2019,1,,2019,12,,219,59486,,,59486,,,,,,,81.5003094099149,,2020-01-03,2023-09-25
2020-0108-YEM,No,nat-hyd-flo-fla,Natural,Hydrological,Flood,Flash flood,GLIDE:FF-2020-000123,,YEM,Yemen,Western Asia,Asia,"Lahj, Aden, Abyan, Taizz, Al Dale’e, Al Mahrah and Hadramaut governorates",Heavy rains,Storm,No,No,No,,,Km2,,,,2020,3,25,2020,3,26,2,4,23125,,23129,,,,,10000,12120,82.5056838488024,"[{""adm1_code"":3407,""adm1_name"":""Abyan""},{""adm1_code"":3408,""adm1_name"":""Al Dhale'e""},{""adm1_code"":3413,""adm1_name"":""Al Maharah""},{""adm1_code"":3420,""adm1_name"":""Lahj""},{""adm1_code"":3425,""adm1_name"":""Taizz""},{""adm1_code"":144970,""adm1_name"":""Hadramaut""},{""adm1_code"":144973,""adm1_name"":""Aden""}]",2020-03-26,2025-06-25
2020-0168-YEM,No,nat-hyd-flo-fla,Natural,Hydrological,Flood,Flash flood,DFO:4908|GLIDE:FL-2020-000123,,YEM,Yemen,Western Asia,Asia,"Aden, Lahj, Taiz, Ad Dali’, Abyan, Hadramawt governorates",Torrential rains,,No,Yes,Yes,,18949.28,Km2,13.259,44.437,,2020,4,15,2020,4,30,10,30,150000,,150030,,,,,10000,12120,82.5056838488024,"[{""adm1_code"":3407,""adm1_name"":""Abyan""},{""adm1_code"":3420,""adm1_name"":""Lahj""},{""adm1_code"":3425,""adm1_name"":""Taizz""},{""adm1_code"":144970,""adm1_name"":""Hadramaut""},{""adm1_code"":144973,""adm1_name"":""Aden""},{""adm2_code"":32704,""adm2_name"":""Ad Dhale'e""}]",2020-05-06,2023-09-25
2020-0216-YEM,No,nat-hyd-flo-flo,Natural,Hydrological,Flood,Flood (General),,,YEM,Yemen,Western Asia,Asia,"Hadhramaut, Shabwa, Al Mahrah","Heavy rains, cyclone Nisarga",,No,No,No,,,Km2,,,,2020,6,3,2020,6,4,16,85,130,,215,,,,,,,82.5056838488024,"[{""adm1_code"":3413,""adm1_name"":""Al Maharah""},{""adm1_code"":3424,""adm1_name"":""Shabwah""},{""adm1_code"":144970,""adm1_name"":""Hadramaut""}]",2020-06-05,2024-04-18
2020-0596-YEM,No,nat-hyd-flo-flo,Natural,Hydrological,Flood,Flood (General),,,YEM,Yemen,Western Asia,Asia,,,,No,No,No,,,Km2,,,,2020,7,15,2020,8,,174,,,,,,,,,,,82.5056838488024,,2021-02-17,2024-03-26
2021-0128-YEM,No,tec-mis-fir-fir,Technological,Miscellaneous accident,Fire (Miscellaneous),Fire (Miscellaneous),,Retention center for migrants,YEM,Yemen,Western Asia,Asia,Sanaa,,,No,No,No,,,,,,,2021,3,7,2021,3,7,43,170,,,170,,,,,,,86.3816569410958,,2021-03-15,2023-09-25
2021-0270-YEM,No,nat-hyd-flo-fla,Natural,Hydrological,Flood,Flash flood,,,YEM,Yemen,Western Asia,Asia,"Sanaa, Ibb, Shabwa, Hodeida, Aden, Abyan, Al Dhale’e, Lahj, Hadramaut, Ma’rib and Ta’iz governorates",Heavy rains,,No,No,No,,,Km2,,,,2021,5,1,2021,5,17,13,,22380,,22380,,,,,,,86.3816569410958,"[{""adm1_code"":3407,""adm1_name"":""Abyan""},{""adm1_code"":3408,""adm1_name"":""Al Dhale'e""},{""adm1_code"":3411,""adm1_name"":""Al Hudaydah""},{""adm1_code"":3419,""adm1_name"":""Ibb""},{""adm1_code"":3420,""adm1_name"":""Lahj""},{""adm1_code"":3421,""adm1_name"":""Marib""},{""adm1_code"":3424,""adm1_name"":""Shabwah""},{""adm1_code"":3425,""adm1_name"":""Taizz""},{""adm1_code"":144970,""adm1_name"":""Hadramaut""},{""adm1_code"":144972,""adm1_name"":""Sana'a""},{""adm1_code"":144973,""adm1_name"":""Aden""}]",2021-05-17,2023-09-25
2021-0449-YEM,No,nat-hyd-flo-flo,Natural,Hydrological,Flood,Flood (General),GLIDE:FL-2021-000110,,YEM,Yemen,Western Asia,Asia,"Dhamar, Amran, Al Mahwit, Marib, Ibb, Sana’a, Hajjah, Al Hodeidah, Al Jawf, Al Bayda, Al Dhale, Raymah, Hadramout , Lahj, Shabwah, Al Mahrah, Socotra governorates.",Heavy rains,,No,No,No,,,Km2,,,,2021,7,16,2021,8,7,33,28,205800,,205828,,,,,,,86.3816569410958,"[{""adm1_code"":3408,""adm1_name"":""Al Dhale'e""},{""adm1_code"":3410,""adm1_name"":""Al Bayda""},{""adm1_code"":3411,""adm1_name"":""Al Hudaydah""},{""adm1_code"":3412,""adm1_name"":""Al Jawf""},{""adm1_code"":3413,""adm1_name"":""Al Maharah""},{""adm1_code"":3414,""adm1_name"":""Al Mahwit""},{""adm1_code"":3415,""adm1_name"":""Amran""},{""adm1_code"":3416,""adm1_name"":""Dhamar""},{""adm1_code"":3418,""adm1_name"":""Hajjah""},{""adm1_code"":3419,""adm1_name"":""Ibb""},{""adm1_code"":3420,""adm1_name"":""Lahj""},{""adm1_code"":3421,""adm1_name"":""Marib""},{""adm1_code"":3424,""adm1_name"":""Shabwah""},{""adm1_code"":144970,""adm1_name"":""Hadramaut""},{""adm1_code"":144971,""adm1_name"":""Raymah""},{""adm1_code"":144972,""adm1_name"":""Sana'a""}]",2021-07-28,2024-04-23
2022-0444-YEM,No,nat-hyd-flo-flo,Natural,Hydrological,Flood,Flood (General),GLIDE:FL-2022-000265,,YEM,Yemen,Western Asia,Asia,"Ad Dali’, Al Hodeidah, Hadramawt, Hajjah and Ta’iz governorate",Heavy rains,,No,No,No,,,Km2,,,,2022,6,,2022,6,,,,41000,,41000,,,,,,,93.29460735164,,2022-07-19,2023-09-26
2022-0456-YEM,No,nat-hyd-flo-flo,Natural,Hydrological,Flood,Flood (General),GLIDE:FL-2022-000265,,YEM,Yemen,Western Asia,Asia,"Marib, Al Mahwit, Taiz, Ibb, Hadramawt, Al Bayda, Amran, Sadaa, Dhamar Al Hodeida, Sana'a Hajjah, Al Mahra governorates (Sanna)",Heavy rains,,No,No,No,,,Km2,,,,2022,7,23,2022,8,5,77,,175000,,175000,,,,,,,93.29460735164,,2022-07-27,2023-09-26
2022-0501-YEM,No,nat-hyd-flo-fla,Natural,Hydrological,Flood,Flash flood,,,YEM,Yemen,Western Asia,Asia,"Hajjah, Al Jawf, Saada, and Ma’rib Governorates",Heavy rains,,No,No,No,,,Km2,,,,2022,8,3,2022,8,8,13,,3400,,3400,,,,,,,93.29460735164,"[{""adm1_code"":3412,""adm1_name"":""Al Jawf""},{""adm1_code"":3418,""adm1_name"":""Hajjah""},{""adm1_code"":3421,""adm1_name"":""Marib""},{""adm1_code"":3422,""adm1_name"":""Sa'ada""}]",2022-08-09,2023-09-26
2023-0251-YEM,No,tec-mis-mis-mis,Technological,Miscellaneous accident,Miscellaneous accident (General),Miscellaneous accident (General),,Stampede,YEM,Yemen,Western Asia,Asia,Sanaa,,,No,No,No,,,,,,,2023,4,19,2023,4,20,85,322,,,322,,,,,,,97.1349926368752,,2023-04-24,2023-09-26
2023-0384-YEM,No,nat-hyd-flo-flo,Natural,Hydrological,Flood,Flood (General),GLIDE:FL-2023-000072,,YEM,Yemen,Western Asia,Asia,"Hajjah, Marib, Hodeidah, Al Bayda, Al Jawf, Sana'a, Amran, Sa’ada, Ibb, Taiz, Dhamar, Shabwa and Al Mahwit governorates",Heavy rains,"Lightening|Slide (land, mud, snow, rock)",No,No,No,,,Km2,,,,2023,3,,2023,9,,248,183,308000,,308183,,,,,,,97.1349926368752,,2023-07-03,2024-04-02
2023-0685-YEM,No,nat-met-sto-tro,Natural,Meteorological,Storm,Tropical cyclone,GLIDE:TC-2023-000212,Tropical cyclone 'Tej',YEM,Yemen,Western Asia,Asia,"Hadramout, Shabwa, Al-Mahara, Al Mahrah, Socotra Governorates",,Flood,No,No,Yes,,,Kph,,,,2023,10,23,2023,10,24,7,150,,,150,,,,,,,97.1349926368752,,2023-10-31,2025-07-31
2023-0757-YEM,No,tec-tra-wat-wat,Technological,Transport,Water,Water,,Migrants,YEM,Yemen,Western Asia,Asia,Bab al-Mandeb,,,No,No,No,,,,,,,2023,11,15,2023,11,15,64,,,,,,,,,,,97.1349926368752,,2023-11-16,2023-12-07
2024-0282-YEM,No,nat-hyd-flo-flo,Natural,Hydrological,Flood,Flood (General),GLIDE:FL-2024-000059,,YEM,Yemen,Western Asia,Asia,"Abyan, Taiz, Al-Jawf, Hadramout, Shabwa, Sa'ada, Mareb, Al-Mahara, Al-Dhale'",Heavy rains,,No,No,No,,,Km2,,,,2024,4,16,2024,5,7,,,39123,,39123,,,,,,,100,,2024-05-07,2024-06-24
2024-0374-YEM,No,tec-tra-wat-wat,Technological,Transport,Water,Water,,Migrants,YEM,Yemen,Western Asia,Asia,,,,No,No,No,,,,,,,2024,6,11,2024,6,11,189,,71,,71,,,,,,,100,,2024-06-13,2024-06-13
2024-0580-YEM,No,nat-hyd-flo-flo,Natural,Hydrological,Flood,Flood (General),,,YEM,Yemen,Western Asia,Asia,"Maqbanah district (Taez governorate), Sadaa provinces; Al Hudaydah, Al Hajjah, Ma'rib governorates",Heavy rains,,No,No,No,,,Km2,,,,2024,7,28,2024,8,8,62,16,171300,,171316,,,,,,,100,,2024-08-08,2024-08-19
2024-0639-YEM,No,tec-tra-wat-wat,Technological,Transport,Water,Water,,Migrants,YEM,Yemen,Western Asia,Asia,Near Taiz governorate,,,No,No,No,,,,,,,2024,8,26,2024,8,26,27,,,,,,,,,,,100,,2024-08-26,2024-08-26
2024-0649-YEM,No,nat-hyd-flo-fla,Natural,Hydrological,Flood,Flash flood,,,YEM,Yemen,Western Asia,Asia,Al-Mahwit governorate,Heavy rains,,No,No,No,,,Km2,,,,2024,8,27,2024,8,29,40,,1075,,1075,,,,,,,100,,2024-08-29,2024-10-28
2024-0845-YEM,No,nat-hyd-flo-flo,Natural,Hydrological,Flood,Flood (General),GLIDE:FL-2024-000147,,YEM,Yemen,Western Asia,Asia,"byan, Ad Dali’, Al Bayada, Al Hodeidah, Al Jawf, Al Maharah, Al Mahwit, Amran, Dhamar, Hadramawt, Haijah, Ibb, Lahj, Ma’rib, Raymah, Sa’dah, Sana’a, Sana’s City, Shabwah and Ta’iz governorates",,,No,No,No,,,Km2,,,,2024,7,,2024,9,,240,635,655011,,655646,,,,,,,100,,2024-11-14,2025-01-21
2024-0846-YEM,No,nat-bio-epi-bac,Natural,Biological,Epidemic,Bacterial disease,,AWD/cholera,YEM,Yemen,Western Asia,Asia,"d Dhale’, Al Bayda, Al Hodeidah, Al Jawf, Amran, Hajjah, Marib and Raymah governorates",,,No,No,No,,,,,,,2024,3,15,2024,9,7,680,186000,,,186000,,,,,,,100,,2024-11-14,2025-01-21
2025-0013-YEM,No,tec-mis-exp-exp,Technological,Miscellaneous accident,Explosion (Miscellaneous),Explosion (Miscellaneous),,Domestic gas station,YEM,Yemen,Western Asia,Asia,Al-Zaher district (Al-Bayda province),,,No,No,No,,,,,,,2025,1,13,2025,1,13,12,100,,,100,,,,,,,,,2025-01-13,2025-02-12
2025-0039-YEM,No,tec-tra-wat-wat,Technological,Transport,Water,Water,,Migrants,YEM,Yemen,Western Asia,Asia,Near Taez,,,No,No,No,,,,,,,2025,1,21,2025,1,21,20,16,,,16,,,,,,,,,2025-01-23,2025-02-12
2025-0168-YEM,No,tec-tra-wat-wat,Technological,Transport,Water,Water,,Migrants,YEM,Yemen,Western Asia,Asia,,,,No,No,No,,,,,,,2025,3,6,2025,3,6,187,,,,,,,,,,,,,2025-03-11,2025-03-12
2025-0641-YEM,No,tec-tra-wat-wat,Technological,Transport,Water,Water,,Migrants,YEM,Yemen,Western Asia,Asia,,,,No,No,No,,,,,,,2025,8,3,2025,8,3,96,,12,,12,,,,,,,,,2025-08-04,2025-08-06
2025-0754-YEM,No,nat-hyd-flo-fla,Natural,Hydrological,Flood,Flash flood,GLIDE:FL-2025-000151,,YEM,Yemen,Western Asia,Asia,"Ibb, Abyan, Amanat Al-Asima, Al-Bayda, Taiz, Al-Jawf, Hajja, Al-Hodeida, Hadramout, Dhamar, Shabwa, Sa'ada, Sana'a, Aden, Lahj, Mareb, Al-Mahwit, Al-Mahara, Amran, Al-Dhale', Rayma",Torrential rain,"Slide (land, mud, snow, rock)",No,No,No,,,Km2,,,,2025,8,,2025,9,1,82,95,455000,,455095,,,,,,,,,2025-09-01,2025-09-30
